factory_code,factory_name,layout_name,canvas_width,canvas_length,area_code,area_name,area_x,area_y,area_width,area_length,area_type,line_code,line_name,line_type,takt_time_sec,capacity_per_shift,ws_code,ws_name,seq,ws_x,ws_y,ws_width,ws_length,max_operators,power_kw,from_ws,to_ws,distance,transport_type,transfer_time_sec,detail
PUNE-SUV-101,Pune Compact SUV Manufacturing Plant,Main Floor Layout V1,5000,3500,A01,SWP Area,100,100,1100,850,Production,L10,SWP Line,Straight,90,120,W1,W1,1,250,280,90,90,2,15.5,W1,W2,10,Conveyor,15,Station W1 in Stamping
PUNE-SUV-101,Pune Compact SUV Manufacturing Plant,Main Floor Layout V1,5000,3500,A01,SWP Area,100,100,1100,850,Production,L10,SWP Line,Straight,90,120,W2,W2,2,550,283,90,90,2,15.5,W2,W13,10,Conveyor,15,Station W2 in Stamping
PUNE-SUV-101,Pune Compact SUV Manufacturing Plant,Main Floor Layout V1,5000,3500,A01,SWP Area,100,100,1100,850,Production,L10,SWP Line,Straight,90,120,W3,W3,3,250,618,90,90,2,15.5,W3,,10,Conveyor,15,Station W3 in Stamping
PUNE-SUV-101,Pune Compact SUV Manufacturing Plant,Main Floor Layout V1,5000,3500,A01,SWP Area,100,100,1100,850,Production,L10,SWP Line,Straight,90,120,W4,W4,4,547,621,90,90,2,15.5,W4,,10,Conveyor,15,Station W4 in Stamping
PUNE-SUV-101,Pune Compact SUV Manufacturing Plant,Main Floor Layout V1,5000,3500,A01,SWP Area,100,100,1100,850,Production,L10,SWP Line,Straight,90,120,W5,W5,5,816,680,90,90,2,15.5,W5,,10,Conveyor,15,Station W5 in Stamping
PUNE-SUV-101,Pune Compact SUV Manufacturing Plant,Main Floor Layout V1,5000,3500,A04,Engine,1500,200,1400,750,Production,L40,Engine Line,Straight,90,120,W6,W6,1,1650,630,90,90,2,15.5,W6,W7,10,Conveyor,15,Station W22 in Engine
PUNE-SUV-101,Pune Compact SUV Manufacturing Plant,Main Floor Layout V1,5000,3500,A04,Engine,1500,200,1400,750,Production,L40,Engine Line,Straight,90,120,W7,W7,2,1870,630,90,90,2,15.5,W7,W8,10,Conveyor,15,Station W23 in Engine
PUNE-SUV-101,Pune Compact SUV Manufacturing Plant,Main Floor Layout V1,5000,3500,A05,Chassis,100,1100,1100,850,Production,L50,Chassis Line,Straight,90,120,W12,W12,1,250,1280,90,90,2,15.5,W12,W13,10,Conveyor,15,Station W29 in Chassis
PUNE-SUV-101,Pune Compact SUV Manufacturing Plant,Main Floor Layout V1,5000,3500,A05,Chassis,100,1100,1100,850,Production,L50,Chassis Line,Straight,90,120,W13,W13,2,250,1440,90,90,2,15.5,W13,W14,10,Conveyor,15,Station W30 in Chassis
PUNE-SUV-101,Pune Compact SUV Manufacturing Plant,Main Floor Layout V1,5000,3500,A05,Chassis,100,1100,1100,850,Production,L50,Chassis Line,Straight,90,120,W14,W14,3,250,1600,90,90,2,15.5,W14,W15,10,Conveyor,15,Station W31 in Chassis
PUNE-SUV-101,Pune Compact SUV Manufacturing Plant,Main Floor Layout V1,5000,3500,A05,Chassis,100,1100,1100,850,Production,L50,Chassis Line,Straight,90,120,W15,W15,4,250,1760,90,90,2,15.5,W15,W16,10,Conveyor,15,Station W32 in Chassis
PUNE-SUV-101,Pune Compact SUV Manufacturing Plant,Main Floor Layout V1,5000,3500,A06,Final Assembly,1500,1100,1100,850,Production,L60,Assembly Line,Straight,90,120,W17,W17,1,1650,1280,90,90,2,15.5,W17,W18,10,Conveyor,15,Station W36 in Final Assembly
PUNE-SUV-101,Pune Compact SUV Manufacturing Plant,Main Floor Layout V1,5000,3500,A06,Final Assembly,1500,1100,1100,850,Production,L60,Assembly Line,Straight,90,120,W18,W18,2,1650,1440,90,90,2,15.5,W18,W19,10,Conveyor,15,Station W37 in Final Assembly
PUNE-SUV-101,Pune Compact SUV Manufacturing Plant,Main Floor Layout V1,5000,3500,A06,Final Assembly,1500,1100,1100,850,Production,L60,Assembly Line,Straight,90,120,W19,W19,3,1650,1600,90,90,2,15.5,W19,W20,10,Conveyor,15,Station W38 in Final Assembly
PUNE-SUV-101,Pune Compact SUV Manufacturing Plant,Main Floor Layout V1,5000,3500,A06,Final Assembly,1500,1100,1100,850,Production,L60,Assembly Line,Straight,90,120,W20,W20,4,1650,1760,90,90,2,15.5,W20,W21,10,Conveyor,15,Station W39 in Final Assembly
PUNE-SUV-101,Pune Compact SUV Manufacturing Plant,Main Floor Layout V1,5000,3500,A06,Final Assembly,1500,1100,1100,850,Production,L60,Assembly Line,Straight,90,120,W21,W21,5,1890,1760,90,90,2,15.5,W21,W22,10,Conveyor,15,Station W40 in Final Assembly
PUNE-SUV-101,Pune Compact SUV Manufacturing Plant,Main Floor Layout V1,5000,3500,A06,Final Assembly,1500,1100,1100,850,Production,L60,Assembly Line,Straight,90,120,W22,W22,6,2130,1760,90,90,2,15.5,W22,W23,10,Conveyor,15,Station W41 in Final Assembly
PUNE-SUV-101,Pune Compact SUV Manufacturing Plant,Main Floor Layout V1,5000,3500,A06,Final Assembly,1500,1100,1100,850,Production,L60,Assembly Line,Straight,90,120,W23,W23,7,2370,1760,90,90,2,15.5,W23,W24,10,Inter-Area,15,Station W42 in Final Assembly
PUNE-SUV-101,Pune Compact SUV Manufacturing Plant,Main Floor Layout V1,5000,3500,A07,Testing,1000,2100,2500,600,Production,L70,Testing Line,Straight,90,120,W24,W24,1,1150,2530,90,90,2,15.5,W24,W25,10,Conveyor,15,Station W43 in Testing
PUNE-SUV-101,Pune Compact SUV Manufacturing Plant,Main Floor Layout V1,5000,3500,A07,Testing,1000,2100,2500,600,Production,L70,Testing Line,Straight,90,120,W25,W25,2,1370,2530,90,90,2,15.5,W25,W26,10,Conveyor,15,Station W44 in Testing
PUNE-SUV-101,Pune Compact SUV Manufacturing Plant,Main Floor Layout V1,5000,3500,A07,Testing,1000,2100,2500,600,Production,L70,Testing Line,Straight,90,120,W26,W26,3,1590,2530,90,90,2,15.5,W26,W27,10,Conveyor,15,Station W45 in Testing
PUNE-SUV-101,Pune Compact SUV Manufacturing Plant,Main Floor Layout V1,5000,3500,A07,Testing,1000,2100,2500,600,Production,L70,Testing Line,Straight,90,120,W27,W27,4,1810,2530,90,90,2,15.5,W27,W28,10,Conveyor,15,Station W46 in Testing
PUNE-SUV-101,Pune Compact SUV Manufacturing Plant,Main Floor Layout V1,5000,3500,A07,Testing,1000,2100,2500,600,Production,L70,Testing Line,Straight,90,120,W28,W28,5,2030,2530,90,90,2,15.5,,,10,Conveyor,15,Station W47 in Testing
